{
    "mae": 850.9533918300006,
    "mse": 1838612.6334529668
}