{
    "mae": 850.952927658065,
    "mse": 1838613.5862872058
}