{
    "mae": 841.5679992246452,
    "mse": 1902177.9686371575
}